{
  "full": {
    "threshold": 0.6841632653061224,
    "features": [
      "age7c",
      "gender1",
      "race1c",
      "educ1",
      "phx_income7",
      "curjob7",
      "craftursmb7c",
      "craftdremb7c",
      "dgtformb7c",
      "dgtbckmb7c",
      "dsymscrmb7c",
      "trailamb7c",
      "trailbmb7c_adjusted",
      "udsverfcmb7c",
      "vegmb7c",
      "animalsmb7c",
      "avlt_delayed_totalmb7c",
      "avlt_t1_totalmb7c",
      "avlt_t6_totalmb7c",
      "avlt_total_correctmb7c",
      "wrat5mb7c",
      "mocatotsmb7c",
      "craftdvrmb7c",
      "craftvrsmb7c",
      "udsbentcmb7c",
      "udsbentdmb7c",
      "avlt_lotmb7c",
      "avlt_listb_totalmb7c",
      "trailb_ceiling",
      "casisummb7c",
      "memory_immed_domainmb7c",
      "memory_delay_domainmb7c",
      "lang_semantic_domainmb7c",
      "phonemic_domainmb7c",
      "attn_process_domainmb7c",
      "executive_domainmb7c",
      "visuo_domainmb7c",
      "lang_phonemic_domainmb7c"
    ],
    "means": {
      "age7c": 76.17021276595744,
      "gender1": 0.45605920444033304,
      "race1c": 2.30527289546716,
      "educ1": 5.410565338276181,
      "phx_income7": 10.019455252918288,
      "curjob7": 6.483629560336763,
      "craftursmb7c": 13.783858998144714,
      "craftdremb7c": 12.355742296918768,
      "dgtformb7c": 9.143651529193697,
      "dgtbckmb7c": 5.842738205365403,
      "dsymscrmb7c": 49.700838769804285,
      "trailamb7c": 47.864814814814814,
      "trailbmb7c_adjusted": 131.525,
      "udsverfcmb7c": 12.466234967622572,
      "vegmb7c": 12.585568917668825,
      "animalsmb7c": 18.54671600370028,
      "avlt_delayed_totalmb7c": 7.066169617893756,
      "avlt_t1_totalmb7c": 4.594418604651163,
      "avlt_t6_totalmb7c": 7.309124767225326,
      "avlt_total_correctmb7c": 12.57953488372093,
      "wrat5mb7c": 59.589085072231136,
      "mocatotsmb7c": 21.667903525046384,
      "craftdvrmb7c": 15.738562091503267,
      "craftvrsmb7c": 18.763450834879404,
      "udsbentcmb7c": 14.795559666975024,
      "udsbentdmb7c": 10.122109158186865,
      "avlt_lotmb7c": 15.27720930232558,
      "avlt_listb_totalmb7c": 4.064245810055866,
      "trailb_ceiling": 0.17853839037927843,
      "casisummb7c": 88.96273291356879,
      "memory_immed_domainmb7c": -0.040206613768732656,
      "memory_delay_domainmb7c": -0.07421472462072155,
      "lang_semantic_domainmb7c": -0.09667208415633673,
      "phonemic_domainmb7c": -0.13119230363737283,
      "attn_process_domainmb7c": -0.10649851876318223,
      "executive_domainmb7c": -0.2933023740027752,
      "visuo_domainmb7c": -0.29324001299444963,
      "lang_phonemic_domainmb7c": -0.10817882345883441
    }
  },
  "reduced_demo": {
    "threshold": 0.667061224489796,
    "features": [
      "age7c",
      "gender1",
      "race1c",
      "educ1",
      "phx_income7",
      "curjob7",
      "executive_domainmb7c",
      "memory_delay_domainmb7c",
      "trailbmb7c_adjusted",
      "casisummb7c",
      "dsymscrmb7c",
      "mocatotsmb7c"
    ],
    "means": {
      "age7c": 76.17021276595744,
      "gender1": 0.45605920444033304,
      "race1c": 2.30527289546716,
      "educ1": 5.410565338276181,
      "phx_income7": 10.019455252918288,
      "curjob7": 6.483629560336763,
      "executive_domainmb7c": -0.2933023740027752,
      "memory_delay_domainmb7c": -0.07421472462072155,
      "trailbmb7c_adjusted": 131.525,
      "casisummb7c": 88.96273291356879,
      "dsymscrmb7c": 49.700838769804285,
      "mocatotsmb7c": 21.667903525046384
    }
  },
  "reduced_nodemo": {
    "threshold": 0.6605102040816326,
    "features": [
      "executive_domainmb7c",
      "memory_delay_domainmb7c",
      "trailbmb7c_adjusted",
      "casisummb7c",
      "dsymscrmb7c",
      "mocatotsmb7c"
    ],
    "means": {
      "executive_domainmb7c": -0.2933023740027752,
      "memory_delay_domainmb7c": -0.07421472462072155,
      "trailbmb7c_adjusted": 131.525,
      "casisummb7c": 88.96273291356879,
      "dsymscrmb7c": 49.700838769804285,
      "mocatotsmb7c": 21.667903525046384
    }
  }
}